start	end	text
0	4780	So, imagine you're walking through an AI-generated video game.
4960	6140	Okay, I'm picturing it.
6200	9280	Right, so you enter this, like, really beautiful sunlit courtyard.
9980	15000	And as you're strolling along the path, you pass by this old, weathered stone wall.
15320	16140	Very scenic.
16300	16780	Exactly.
17380	20600	But you happen to notice this one really specific detail.
21000	26220	There's this jagged diagonal crack running through, say, the third course of stones.
26220	32100	And there's this little patch of dark green moss clinging to the lower edge of that fissure.
32460	34020	Right, a highly specific texture.
34240	34800	Yeah, exactly.
35140	35960	So, you keep walking.
36240	39920	You turn your character around to look at this massive fountain in the center of the courtyard.
40640	41620	A few seconds pass.
42220	45440	Then you turn the camera back to look at the wall again.
45480	47060	And this is where the illusion breaks.
47320	47620	Exactly.
47880	48940	The wall is still there.
49160	50720	I mean, it's definitely still a stone wall.
50900	54680	But the crack, it shifted like a foot to the right.
54680	57060	And the moss is just, it's completely gone.
57140	59840	It's been replaced by a patch of dry lichen near the top.
59960	60160	Right.
60420	65040	And to a casual observer, it still looks incredibly realistic, right?
65120	65320	Right.
65540	69040	But as a persistent reality, it has just completely failed.
69260	72320	Because the AI didn't actually remember the wall.
72460	79180	It just, it rendered a brand new one that happened to fit the general prompt of, you know, stone wall in a courtyard.
79180	86560	Yeah, and that distinction between rendering and remembering, that's actually the core crisis of modern generative systems today.
86680	88760	It's wild when you really think about it.
88760	97620	It is, because when that system generated the wall the second time, it wasn't, it wasn't consulting a historical physical record of that space.
97680	97820	Right.
97860	98660	It doesn't have a map.
98880	99660	No, not at all.
99940	105800	It just drew a fresh sample from this vast statistical distribution of what stone walls typically look like.
105840	106960	Just a roll of the dice.
106960	113560	Exactly, and the thing is, if you pause the game and just look at that single frame, it appears flawless, right?
113700	113880	Right.
114000	117420	The lighting is perfect, the textures are totally photorealistic.
117500	118860	You'd never know anything was wrong.
118920	122360	Right, because the failure is completely invisible in a static moment.
123000	128380	The failure only exists in the temporal relationship, you know, the connection between the frames over time.
128600	131640	Because it's essentially a new universe every time you look away.
131640	138940	Exactly. You are interacting with a universe that is constantly forgetting and reinventing itself every single time you blink.
139060	142360	It's like a glitch in the matrix, but, you know, the deeply structural one.
142420	142620	Yeah.
142960	145840	We're literally looking at a landscape that shifts under our feet.
146680	149820	And that is exactly what today's deep dive is all about.
150060	152260	We're trying to solve this exact problem.
152260	156020	And we have some pretty heavy theoretical material to help us do that.
156100	156420	We do.
156660	164540	We are exploring this really dense, highly mathematical, 2026 theoretical text by an independent researcher known as Flyxion.
165040	165260	Right.
165340	170320	The paper is titled Persistent Generative Worlds, a Field Theory of Semantic Simulation.
170900	173180	Such a mouthful, but so fascinating.
173180	178260	So our mission for you listening to this right now is to explore this radical blueprint.
178820	185220	We want to understand how artificial intelligence can finally stop forgetting and start building persistent living realities.
185400	188800	Because, frankly, the stakes here go way, way beyond just video games.
188800	189280	Oh, absolutely.
189400	191740	The video game wall is just an easy way to visualize it.
191960	192240	Right.
192900	202900	That shifting wall in the courtyard is just a visual manifestation of a much deeper, like an ontological flaw in how current AI understands reality itself.
202900	204180	Yeah, you see it everywhere.
204400	205140	You really do.
205300	208800	You see this exact same architectural gap across the board.
209060	217380	If you use a video generation model, it will subtly alter a person's facial structure across a camera cut.
217460	220780	Like their nose gets slightly wider or their eye color shifts.
220860	221380	Exactly.
221640	229660	Or if you're interacting with a language model, it might confidently contradict a plot point that it established, you know, 30 pages earlier in a story.
229660	234780	Or a chatbot acts like it's meeting you for the absolute first time, even though you've been talking for weeks.
234900	235260	Right.
235420	241760	The entire system is designed to produce an output that looks or sounds highly plausible right in that exact moment.
242080	243140	But it has no memory.
243520	243760	None.
244060	251120	It possesses absolutely no mechanism to ensure that its output remains faithful to a continuous, persistent identity over time.
251120	258160	So to figure out how to build a true AI world, we basically have to look under the hood and kind of diagnose the disease first.
258340	258760	We do.
259080	265880	Because why do these models, which are honestly so smart, they pass bar exams, they write complex code.
266040	266260	Yeah.
266760	271300	Why do they fail so spectacularly at remembering a mossy rock?
271880	275400	Like what is the actual mechanism of this amnesia?
275400	280000	Well, to answer that, we have to look at what these models are actually using in place of a world.
280100	280240	Okay.
280320	280800	What do they use?
281080	289240	If you examine the underlying architecture of large language models or even diffusion models, you don't find a persistent environment anywhere in the code.
289360	289580	Right.
289740	291820	What you find are context windows.
292020	293160	You find hidden states.
293660	294540	You find pashes.
294800	297620	But wait, aren't those just, you know, different forms of memory?
297720	298480	They're buffers.
298780	302560	And a buffer is fundamentally a completely different thing from a world.
302880	303320	How so?
303320	306880	A buffer only holds whatever happens to be near at hand, right?
306940	308860	Whatever is actively being processed right now.
308920	312540	And it is heavily, heavily biased toward recency.
312760	312880	Right.
312920	315140	So as new stuff comes in, the old stuff gets shoved out.
315360	315840	Exactly.
316200	320060	As new information flows in, old information is pushed out.
320060	335520	And from the perspective of the model, the AI operating inside that buffer, there's absolutely zero mathematical difference between a detail that was established 40,000 tokens ago and pushed out, and a detail that was simply never established in the first place.
335680	335980	Wow.
336240	336460	Okay.
336460	342480	So once it leaves the buffer, it's reduced to the exact same status as things that literally don't exist.
342620	343420	Non-existence.
343520	343780	Yes.
344020	348340	The author actually draws a really fascinating parallel here to developmental psychology.
348500	349000	Oh, right.
349240	351100	But we should probably caveat this.
351700	353920	They're applying this strictly to the architecture, right?
353920	354040	Right.
354040	355900	Not claiming the AI is conscious.
356280	356680	Exactly.
356880	358880	We are absolutely not saying AI has a mind.
359200	362960	But structurally, the text brings up the concept of object permanence.
362980	365260	Like that classic test they do with human infants, right?
365800	367240	Where you hide a toy under a blanket.
367520	368300	Precisely that.
368480	376520	So for the first 8 to 12 months of human development, an infant acts as if a toy hidden under a cloth has just ceased to exist in the universe.
376880	378380	They don't even try to look for it.
378380	388460	Right, because their cognitive architecture hasn't yet developed the capacity to represent an unobserved object as maintaining a continuous existence.
388620	390360	Out of sight, literally out of reality.
390520	390820	Yes.
391360	396960	And structurally, mathematically, these AI models behave identically to that infant.
397220	400380	They treat out of sight objects as completely void.
400380	409380	So every single time the AI generates a new frame, or like a new paragraph, it's basically restarting its developmental stage from zero.
409580	412660	It's looking at a brand new universe every single time.
412720	413300	Okay, but wait.
413500	421100	I have to challenge this premise just a bit, because I know the tech industry is spending, like, billions of dollars right now trying to fix this exact issue.
421160	422140	They are, definitely.
422260	422400	Right.
422400	428780	So if the buffer is too small, isn't the brute force answer to just make the context window massive, which they are doing.
428860	430720	We're seeing millions of tokens now.
431240	434740	And beyond that, they're using retrieval augmented generation, or RAG.
434840	436100	I mean, we hear about RAG constantly.
436200	437460	That's the industry standard right now.
437740	437960	Yeah.
438400	443520	You hook the AI up to a massive vector database so it can search for its own memories.
444120	444260	Yeah.
444260	449740	So why doesn't a massive memory database solve this infant object permanence problem?
449740	456360	It's a really intuitive engineering objection, and like you said, standard industry practice currently relies heavily on R.
456680	456900	Right.
457120	459800	You pair your generative model with a vector database.
459800	467820	When the model needs to generate something, it searches the database, retrieves relevant notes, and feeds them back into its active context window.
467940	468800	Sounds like it should work.
468800	475060	And it does measurably improve performance for certain things, like, you know, answering questions about a specific PDF manual.
475760	484140	But the text argues it completely fails to solve the ontological problem of a persistent world, because a retrieval system stores documents.
484380	487180	It does not represent a unified state of reality.
487580	487860	Okay.
487980	489880	We need to dive deeper into that distinction.
489880	493720	A database of documents versus an actual world.
493980	499480	Because if the database has a record of everything that happened in the courtyard, why isn't that a world?
499900	509440	Well, the text outlines three structural, unavoidable failures of document stores that prove they can never really simulate a persistent reality.
509780	510060	Okay.
510280	510620	Hit me.
510720	511720	What's the first failure?
512180	514940	The first failure is that writing is optional.
515240	515700	Optional?
515700	516140	Yes.
516780	524900	The architecture of a generative model paired with a database doesn't mathematically force the AI to document every single change in state.
525160	526020	Ah, I see.
526280	529800	Writing a note to the database is just another behavior.
530020	534500	It's just another sequence of tokens that the model might or might not choose to generate.
534720	540040	So when the AI generates the crack in the wall, it might trigger a function to write that down.
540040	546320	Or it might just generate the image of the crack and move right on to generating the fountain, leaving literally no record behind at all.
546480	546920	Oh, man.
547000	553000	That reminds me of, like, relying on a tired coworker to take perfect meeting notes every single day.
553100	554440	That is a perfect analogy.
554800	554980	Right.
555040	562380	Because sometimes they're going to capture all the action items perfectly, and sometimes they just zone out and forget to write down the most crucial decision we made.
562600	565940	You can't build a reliable history on an optional habit.
565940	571540	Exactly. And that leads to the second structural failure, which is that retrieval is approximate.
571960	574080	Approximate. Meaning it's not exact.
574220	577880	Right. Vector databases use what's called similarity search.
578380	585000	They map queries and documents into this high-dimensional space, and they look for things that are mathematically close to each other.
585160	586980	So they're looking for semantic relevance.
587180	594700	Yes. So if your camera pans back to the wall, the system might query the database for Stonewall in Courtyard.
594780	595300	Makes sense.
595300	602960	But what if the database is crowded with descriptions of other walls? Or what if the query is worded slightly differently this time?
603020	604260	It might pull the wrong note.
604740	611860	Exactly. The similarity search might pull the description of the wrong wall or a wall from a completely different courtyard.
612400	622060	It guarantees that you pull something relevant, but it absolutely cannot guarantee that you pull the single, positively-correct prior fact of that specific coordinate in space.
622060	629720	So it's basically searching for a general vibe rather than locking onto an objective, unchangeable coordinate.
629720	637380	Exactly right. And then there's the third failure, which honestly is the most fatal of all. Reconciliation is absent.
637380	639160	Meaning it can't resolve conflicts.
639300	646040	Right. Imagine the system miraculously succeeds at the first two steps. It writes down the crack in the wall perfectly.
646200	647160	Okay. Good job, AI.
647160	656580	But then later, an event happens in the simulation. Let's say a cart crashes into the wall. The AI generates a new note and writes it to the database.
656980	660840	The wall has a massive hole in it, and the old crack has spiderwebbed.
661160	662860	Okay, so now we have an updated note.
662920	670340	But you still have the old note, too. Now your vector database contains two completely conflicting documents about the exact same wall.
670340	672420	Oh. They didn't overwrite the first one.
672560	681180	No, because the architecture of a document store has no automatic mechanism to force the old note to be revised, overwritten, or deleted based on the new one.
681280	682860	They both just sit there in the archive.
683020	685660	Which means the next time the system queries the wall.
685880	689920	It might pull the note about the small crack. It might pull the note about the massive hole.
690120	694820	Or it might pull both and try to hallucinate some weird, impossible hybrid of the two.
695120	699180	Because a database is just an archive of claims that have been made over time.
699180	701660	It's a filing cabinet of statements.
701880	706640	Yes. It is not a unified, reconciled state of currently existing truth.
706840	709120	It's a filing cabinet, not a physics engine.
709800	711080	That makes perfect sense.
711400	717260	But let me push back just one more time just to follow this logic to the absolute end.
717380	717880	Go for it.
718000	720300	Let's grant the text a total miracle.
720800	722920	Let's say we engineer a perfect memory module.
723100	724360	Okay, a perfect memory.
724360	731100	The AI perfectly records the crack, it perfectly retrieves that exact note, and it perfectly reconciles any conflicting info.
732060	737000	The true, accurate state of the wall is sitting right there, prominently in the active context window.
737100	737320	Right.
737560	739960	Wouldn't the generative AI get it right at that point?
740140	742240	It would get it right most of the time, yes.
742720	744860	But purely by statistical coincidence.
745320	746540	Wait, what? Coincidence?
746540	752240	Yes, and this introduces the core theoretical difference between statistical continuation and causal continuation.
752500	754660	Okay, how do those two concepts differ in practice?
755380	756400	Because they sound similar.
756500	757760	They are fundamentally different.
758280	761640	Statistical continuation asks a probabilistic question.
762580	768740	Given this specific context window, what is the most likely sequence of tokens or pixels to appear next,
769020	771520	based on the vast distribution of my training data?
772040	773380	Okay, it's playing the odds.
773380	777620	Right. Causal continuation, on the other hand, asks a deterministic question.
778300	784660	Given the exact prior physical state of this specific system, what must happen next, based on the rigid laws of the world?
784960	785440	Ah.
786080	794440	So because models like GPT or SORA are fundamentally next-token predictors, they are completely trapped in statistical continuation.
794660	795060	Exactly.
795060	800720	Even if you retrieve the perfect, undeniable fact about the cracked wall and place it right in the context window,
801180	806420	an autoregressive predictor is still, at its absolute core, just evaluating probabilities.
806620	807920	It's just guessing what sounds right.
808160	811520	The retrieved fact definitely influences the probability distribution.
811880	813860	It makes the correct output highly likely.
814160	817420	But the model is simultaneously feeling other statistical pressures.
817580	817920	Like what?
818080	821300	It's feeling stylistic tendencies from its fine-tuning.
821300	827860	It's feeling the weight of millions of other generic, uncracked stone walls in its training data.
828080	828380	Oh, wow.
828460	832680	So if you run the generation enough times, or if the prompt is just slightly unusual,
833320	837340	those other statistical pressures can overpower the retrieved fact.
837860	845060	The AI makes the correct continuation probable, but it fundamentally lacks the architecture to make it necessary.
845240	848820	It basically treats the truth as a suggestion rather than a physical law.
848900	849160	Exactly.
849160	854460	That perfectly sets up this wild case study from the text that I found so, so illuminating.
854600	856520	The author brings up InspiroBot.
856720	857360	Oh, yes.
857780	858260	InspiroBot.
858340	866240	For anyone listening who isn't familiar, InspiroBot is this older, very funny website that generates absurd, fake, inspirational posters.
866500	867300	It's a classic.
867480	872340	It takes a random stock photo of like a sunset or mountain, and it slaps on AI-generated text.
872400	875880	Like, when you finally give up, a garbage can becomes a dream.
875940	876180	Right.
876180	885200	And it's incredibly entertaining because the grammar is flawless, and it perfectly mimics the cadence and structure of a profound philosophical thought, but it means absolutely nothing.
885200	892160	And the author uses InspiroBot to highlight a profound illusion in human-computer interaction.
892360	892920	What's the illusion?
893540	900640	Well, InspiroBot does not possess an underlying semantic model of human psychology or wisdom or advice, right?
900680	900820	Right.
900880	901540	It's just a script.
901820	906740	It is simply recombining syntactic fragments using a rigid grammatical template.
906740	911680	The surface form is highly plausible, but where does the actual meaning reside?
912020	914620	The meaning is entirely supplied by the human reading it.
914820	915260	Exactly.
915580	927320	Our brains are so aggressively wired to find patterns and derive meaning that we read a phrase about a garbage can becoming a dream, and we do the cognitive labor of interpreting it.
927380	931120	We think, oh, maybe that's a metaphor for finding unexpected beauty when you hit rock bottom.
931180	931400	Right.
931400	932840	But the bot didn't intend that.
932940	933780	We built the bridge.
933900	934540	We did all the work.
934860	937860	The human observer performs what we might call a charitable repair.
938200	948900	And the central argument of the text is that modern, state-of-the-art, large-language models are doing the exact same thing as InspiroBot, just on a vastly more complex, multidimensional scale.
949000	952020	They're just very, very good at faking the cadence of reality.
952020	952700	Yes.
953000	959480	They navigate a statistical manifold to produce outputs that are highly fluent and structurally flawless.
959920	963140	But the output is fundamentally groundless.
963480	963840	Groundless.
964060	964280	Yeah.
964400	965840	Meaning it has no anchor.
966280	971560	There is no underlying objective reality that the AI is checking its claims against.
971760	975260	So when a language model hallucinates a legal citation...
975260	976180	Which happens all the time.
976260	976600	Right.
976980	980020	The output looks identical to a real citation.
980020	982080	It formats the text perfectly.
982400	984620	It references real academic journals.
984760	986580	It uses the correct legal jargon.
986780	988180	But it is anchored to nothing.
988520	990900	It is just InspiroBot wearing a suit.
991260	992400	InspiroBot wearing a suit.
992540	994120	That's chilling, honestly.
994460	1000020	So if context buffers fail, if document retrieval databases fail, and if statistical next token prediction fails...
1000600	1001480	We have a big problem.
1001600	1005800	We have to throw the entire current paradigm out the window if we ever want to build persistent worlds.
1006000	1008280	We need a completely different architectural foundation.
1008280	1013560	Which is exactly where the text pivots from diagnosing the problem to proposing the solution.
1013760	1013900	Right.
1014020	1015880	The concept of the semantic field.
1016300	1016560	Yes.
1017000	1022980	And the leap here is moving away from the concept of discrete objects entirely and embracing continuous fields.
1023200	1025520	That was a huge paradigm shift for me.
1025840	1031680	Because when we think about how virtual worlds are built today, they all rely on discrete objects.
1031980	1032820	Pretty much all of them.
1032820	1035940	Video games use scene graphs or voxel grids.
1036080	1040060	You have a definitive, you know, wall object, a player object, a sword object.
1040140	1040340	Right.
1040740	1042480	Distinct bounded entities.
1042840	1045840	But the text points out the fatal flaw in that approach.
1046100	1051500	If you rely on discrete objects, how do you classify dampness spreading up a stone wall?
1051700	1054680	Or how do you classify diffuse sunlight filtering through smoke?
1054680	1055160	Exactly.
1055560	1059560	Or soot slowly accumulating on the ceiling of a cave from a campfire.
1060100	1066340	When you utilize a scene graph, you are forced to decide in advance what counts as a distinct entity.
1066500	1066660	Right.
1066740	1067420	You're to the label it.
1067520	1067780	Yes.
1068180	1069720	Is the soot its own object?
1070140	1072220	Is the dampness a subproperty of the wall?
1072300	1076160	Or is it a completely separate water object clinging to the wall object?
1076320	1077880	And it gets so messy.
1078180	1078800	It does.
1078800	1084840	Because discreteness forces the engineers to choose a resolution and a set of categories before the simulation even begins.
1085260	1092960	And the moment the simulation encounters a phenomenon that exists outside or between those rigid categories, the entire system breaks down.
1093240	1098700	So what is the semantic field and how does it solve this problem of deciding what an object is?
1098980	1102200	Well, the semantic field defines reality mathematically as a mapping.
1102780	1104640	Formally, it's written as six scholars.
1105260	1105660	Map.
1106120	1106600	Psygey.
1106700	1107040	E-y-d.
1107300	1107520	Okay.
1107700	1107900	Whoa.
1108160	1108520	Math.
1108800	1115000	Let's definitely break that down into a visual for you listening at home because equations on an audio deep dive can be a bit abstract.
1115280	1115620	Fair enough.
1115740	1118760	It's actually a very intuitive concept once you visualize it.
1118920	1118960	Okay.
1119060	1119380	Well, you know.
1119800	1130060	Instead of predefining a list of objects, the field assigns a high dimensional vector of real values to every single continuous point in a given space, which we call the domain.
1130240	1132800	So every literal millimeter of space has a data point.
1133020	1133420	Exactly.
1133680	1135400	Every spatial coordinate has a state.
1135400	1139940	In this architecture, objects like our stone wall are not hard coded entities in a list.
1139940	1143380	They simply emerge as regions of high coherence within the field.
1143380	1144420	Oh, that's wild.
1144420	1149420	So the boundary of the wall isn't a line of code saying wall ends here.
1149420	1149900	Nope.
1149900	1157980	It is simply the physical location where the semantic values in the field shift sharply from solid stone to empty air.
1157980	1163580	But the wall isn't a pattern that the field is currently maintaining.
1163580	1164760	I love that so much.
1164840	1167900	It's a much more organic way to simulate physics.
1168000	1168840	But what are the values?
1169040	1174460	Like what does every single microscopic point in this continuous field actually remember about itself?
1174460	1181880	The text establishes that every coordinate in the semantic field simultaneously tracks five specific components of memory.
1182020	1183040	Okay, five components.
1183160	1183780	What's the first one?
1183900	1186860	The first component is phi, which represents coherence.
1187020	1188220	Coherence, meaning what?
1188380	1190060	Coherence answers a structural question.
1190480	1193280	How stable and well-defined is this specific region?
1193540	1198060	So a solid block of granite in our wall has extremely high coherence.
1198360	1201300	It is a settled, rigid structure that resists change.
1201740	1203920	Air, on the other hand, has lower coherence.
1203920	1204360	Got it.
1204380	1205700	So a solid wall has hi-fi.
1205820	1206700	What's the second component?
1206860	1208900	The second is V, representing flow.
1209160	1210460	Flow, like movement.
1210940	1211380	Exactly.
1212060	1213880	Flow answers a dynamic question.
1214120	1215420	Where is this region going?
1216180	1218740	It encodes directed change and momentum.
1219140	1219480	Okay.
1219620	1226560	If you have wind blowing through the courtyard or water cascading down the fountain or even a fire spreading across dry grass,
1226940	1232100	that directional movement is represented in the vector flow of those specific points in the field.
1232340	1233500	That completely tracks.
1233500	1237240	You need a way to store momentum independent of the object itself.
1237460	1237940	Precisely.
1238280	1238520	Okay.
1238760	1241200	The third component is S, which stands for entropy.
1241860	1246840	And this is the one that really, really forced me to rethink how simulations work.
1246960	1248720	It's arguably the most important one.
1249040	1253860	Entropy is perhaps the most crucial component for making the system computationally possible.
1254140	1254720	Why is that?
1254880	1257000	Because entropy tracks honest uncertainty.
1257420	1260480	It answers the question, what is not yet known about this coordinate?
1260680	1262440	Wait, the world tracks what it doesn't know?
1262440	1262940	Yes.
1262940	1265380	A region might be highly stable.
1265820	1268500	It might have high coherence, like a distant mountain.
1269020	1275960	But if you have only ever observed that mountain from a mile away, you don't actually know what the surface of the rock looks like up close.
1276040	1276160	Right.
1276220	1277080	You haven't seen the gravel.
1277080	1278080	Exactly.
1278540	1280400	Entropy holds the space of possibility.
1281000	1286660	It tracks what outcomes are still genuinely possible for that specific point in space.
1286840	1291740	It's like the system formally admitting, I haven't looked closely at this patch of dirt yet.
1291900	1295140	So I don't know if it's just dirt or if there's a gold coin buried there.
1295400	1295920	Exactly.
1295920	1299100	Instead of just guessing and rendering a coin, it stores the uncertainty.
1299780	1300340	That's brilliant.
1301080	1303540	That leads us to the fourth component, R.
1303760	1305340	R stands for residue.
1305860	1307560	Residue is compressed history.
1307900	1308760	Compressed history.
1309140	1309960	Like a logbook.
1310460	1311080	Sort of.
1311180	1313540	But it answers the question, what happened here?
1313540	1319340	It is not a massive, exhaustive video log of every single microsecond that passed.
1319520	1320720	That would take up too much memory.
1320860	1321060	Right.
1321580	1325340	Rather, it is the causal trace left behind by significant events.
1325460	1326120	Give me an example.
1326400	1335580	If a tree fell in the forest, or if a character dug a trench in the mud, the residue component permanently records the structural disturbance caused by that specific event.
1335740	1337220	It's the scars on the world.
1337700	1340180	Very poetic, but yes, essentially.
1340360	1342180	And finally, the fifth component, Z.
1342180	1344540	Z is appearance.
1345300	1346920	This answers the most immediate question.
1347380	1349260	What does this point currently look like?
1349420	1350820	Okay, so just the visual data.
1350980	1351220	Yes.
1351620	1359400	It is the resolved, perceivable content that a camera, a sensor, or an eye actually picks up when it looks at that coordinate.
1359720	1366200	Okay, so to recap, every point in the universe holds coherence, flow, entropy, residue, and appearance.
1366220	1367460	As the foundation, yes.
1367460	1374920	But having a list of values doesn't create a reality unless there are unbreakable rules governing how those values interact, right?
1374960	1375120	Right.
1375500	1376480	A list is just data.
1376840	1380080	And the text lays out golden rules for the semantic field.
1380820	1382880	The most important one is called the entropy constraint.
1382880	1385980	Walk us through how this governs the simulation.
1385980	1390600	The entropy constraint dictates a fundamental law of physics for this virtual universe.
1391540	1395200	Entropy, S, can never decrease in an unobserved area.
1395300	1396180	Never decrease.
1396700	1403780	Which means the AI is mathematically forbidden from secretly deciding what is around the corner until I actually walk around the corner and look.
1403780	1408300	Exactly. The world is not allowed to quietly become more certain about itself in the dark.
1408560	1409600	Oh, that's so cool.
1409940	1411420	Now, uncertainty can grow.
1412100	1418380	If a massive storm rolled into the courtyard while you were inside, the wind and rain might scramble the environment.
1419020	1425940	That increases the entropy of the courtyard because the system knows things have been disturbed, but it doesn't know exactly how they landed.
1426320	1428260	Right. The storm randomized the leaves.
1428260	1438160	Yes. But uncertainty can only shrink. It can only resolve into a specific hard fact when an observation event actually does the work of looking at it.
1438660	1441080	The text uses a really great phrase for this.
1441820	1443900	Ignorance is structured, not blank.
1444380	1450440	Ignorance is structured. That completely eliminates the problem of the AI hallucinating things off screen and then getting confused.
1450560	1451660	It solves it at the root.
1451960	1453780	But what actually happens when I do look.
1453900	1454140	Yeah.
1454700	1456000	Because eventually I have to turn the corner.
1456240	1456480	Yeah.
1456480	1461440	That brings us to the second golden rule, which the text calls the invention to memory principle.
1461760	1471920	Right. When you look at an uncertain high entropy region, say you walk up to a blurry, distant patch of the courtyard wall, the AI is forced to invent an appearance.
1472100	1472880	A surrender something.
1473140	1480940	It must collapse that space of possibility into a specific detail, like a particular arrangement of stones or a specific patch of moss.
1481160	1481460	Okay.
1481460	1484400	But the critical mechanic is what happens next.
1485040	1492500	Having invented that detail, the field is obligated by the math to lock that appearance in as ze, the appearance component.
1492660	1493740	So it's permanent now.
1493920	1494200	Yes.
1494540	1500540	The next time you look at that exact spot, it is a read operation, not a re-render operation.
1500540	1504460	You invent it once, and then you are forced to remember it forever.
1504860	1507800	Or, well, at least until a physical force in the world changes it.
1507860	1508260	Exactly.
1508540	1515380	And that is the exact opposite of how current generative AI works, where it just keeps reinventing the wheel every single time you prompt it.
1515500	1515760	Right.
1515880	1517660	Current AI is just a memoryless dream.
1517660	1523780	In this field theory, reinventing an already settled low entropy region is structurally impossible.
1524580	1531280	The rules of math simply forbid the generative model from overriding a defined coordinate without a physical cause.
1531480	1536200	Now, when I was reading through the five components of memory, I noticed something conspicuously missing.
1536480	1536840	Oh.
1537800	1538440	What was that?
1538600	1544300	When we think about objects in a game, we usually define them by what we can do with them, right?
1544340	1544960	It's for ordinances.
1544960	1550280	Exactly. A ladder is for climbing. A chair is for sitting. A door is for opening.
1550760	1553160	These are affordances in game design.
1554040	1558720	But the text deliberately removed affordances from the semantic field itself.
1558980	1559420	You did.
1559760	1564020	Why? Why isn't the property of climbability stored inside the ladder?
1564580	1569940	The author answers this with a pretty brilliant thought experiment involving a ladder and a goldfish.
1570040	1572420	Oh, I love this part. Explain the goldfish analogy.
1572420	1577760	If you place a wooden ladder in the middle of a room, that ladder affords climbing to a human being.
1578020	1581060	The human has the physical geometry and the strength to use it.
1581280	1581420	Right.
1581620	1587060	But if you place a goldfish in a bowl in that same room, the ladder does not afford climbing to the goldfish.
1587140	1587740	Obviously not.
1587740	1591300	But the ladder itself, at a molecular level, has not changed at all.
1591380	1591580	Oh.
1591700	1593800	What changed is the capability of the observer.
1594240	1603720	If you were to store affordance in the semantic field as a core property of the ladder itself, it would have to be an absolute objective fact of the universe.
1603900	1604880	I mean, it's not absolute.
1604880	1618340	So how does the system know I can climb the ladder if the ladder doesn't know it's climbable?
1618340	1621100	The field presents what the text calls cues.
1621560	1621900	Cues.
1622120	1625760	A cue is just a localized geometric or semantic pattern.
1626300	1628720	The silhouette of a rung, the height of a step.
1628880	1629120	Okay.
1629380	1638460	If a human agent approaches the ladder, the human's own capability model recognizes those cues, and that recognition activates the climbing affordance.
1638460	1641260	The world doesn't dictate what you can do.
1641480	1647620	It just sits there, presenting physical cues, and your own capabilities determine how you can interact with them.
1647860	1650300	It is such an elegant way to handle interaction.
1650620	1652400	It keeps the world state so pristine.
1652560	1654500	It really minimizes data bloat.
1654560	1654700	Yeah.
1654800	1657520	The world only has to remember what is physically true.
1657740	1659540	The coherence, the flow, the entropy.
1659920	1665620	It doesn't have to clutter its database with infinite lists of what every possible creature in the universe might potentially do with a rock.
1665620	1671340	It separates the physics of the world from the biology or the programming of the agents moving through it.
1671540	1673980	So we have built the semantic field.
1674700	1677580	We know what it's made of, and we know the rules it has to follow.
1678300	1681340	But here is where the mechanics get really fascinating.
1681540	1682300	The right cycle.
1682540	1683020	Exactly.
1684060	1685720	How does anything ever change?
1685720	1696000	If a tree falls, or if I take a sledgehammer to that stone wall, how does the underlying math process that violent change without breaking the entire reality?
1696000	1704620	To understand how change is processed, we have to look at the primary right equation in the text, which is O-A-T plus one equals M-A-T plus deltas.
1704820	1712760	Which translates to the next state of the world that's O-M-T plus one equals the current state of the world plus a proposed change, the delta psi.
1712760	1717420	You've got it. And the most important symbol in that equation is actually the plus sign.
1717500	1718480	The plus sign. Why?
1718840	1723600	Because writing in the system is never a total overwrite. It is an additive proposal.
1723760	1724120	Additive.
1724320	1729240	Yes. You take the current established state of reality and you add the proposed change on top of it.
1729260	1730060	Okay, that makes sense.
1730200	1736260	A system that freely overwrites its past state eventually drifts into chaos, which is what we see with current AI.
1736260	1743800	A system that only adds changes mathematically preserves everything in the environment that isn't specifically being altered by that action.
1743900	1749780	But where does this proposal, this delta psi, actually originate from? Who is proposing the change?
1750360	1755720	Changes originate from two distinct sources. The first source is intrinsic physics.
1756100	1757160	Intrinsic physics.
1757340	1760080	Denoted mathematically as math pick knowledge.
1760300	1764200	This is what the environment does on its own without anyone touching it.
1764340	1764860	Like gravity.
1764860	1774860	Exactly. Entropy naturally relaxing over time as a storm settles, coherence smoothing out as mud dries, gravity pulling water down a slope.
1775560	1778380	Intrinsic physics happens automatically and continuously.
1778660	1779860	And the second source of change.
1779900	1783200	The second source is neural proposals, denoted as math pathway.
1783500	1786620	These are driven by the intended actions of agents within the world.
1786760	1789500	Like a player choosing to swing a sledgehammer at the wall.
1789500	1792880	Right. The agent selects an action based on its capabilities.
1793440	1801340	And a neural model generates a fluent, highly expressive proposal for what that swing would physically do to the semantic field.
1801500	1808720	But hold on. If we're letting a neural network generate the proposal, aren't we just inviting hallucinations right back into the system?
1808940	1810460	That's a very fair concern.
1810460	1814740	Right. What stops the neural network from generating something completely impossible?
1815400	1826600	Like what if I try to dig a hole with a shovel and the neural network proposes that the patch of ground is simultaneously perfectly undisturbed grass and a freshly dug six foot grave?
1827120	1830780	How does the universe not just accept that garbage data and break?
1830780	1833560	That is the exact vulnerability you would expect.
1833720	1836680	And it is where the brilliance of this architecture truly shines.
1836900	1840940	The system does not just blindly accept the neural proposal and add it to the world.
1841040	1841600	What does it do?
1841700	1846580	It forces the proposal through a rigorous mathematical filter called constraint projection.
1846840	1847720	Constraint projection?
1848020	1850640	How does the projection actually filter the proposal?
1851040	1859040	I want you to visualize a semantic pressure solve, similar to how a traditional physics engine stops a character from walking through a solid wall.
1859040	1860820	Okay, like collision detection.
1861160	1861920	Similar, yes.
1862480	1867300	The established semantic field has an invisible, multidimensional manifold of constraints.
1867700	1873500	It has the rules of entropy, the laws of physics, and the accumulated residue of past events.
1874020	1881420	When the neural model proposes a change, the system projects that proposal onto the nearest admissible state on that constraint manifold.
1881760	1882080	Oh.
1882080	1890300	If the proposal violates the rules of reality, the system doesn't necessarily throw the entire action away, it bends the proposal.
1890480	1890960	It bends it.
1891120	1897420	It mathematically corrects the impossible details while trying to honor the core intent of the agent's action as much as possible.
1897440	1897920	Oh, I see.
1898020	1900080	So, let's say I want to dig a deep grave.
1900620	1906660	But the world's residue component knows that there's a massive layer of solid bedrock just two inches below the topsoil.
1906740	1907340	Perfect example.
1907340	1909940	The neural network proposes a six-foot hole.
1910720	1919800	The projection system looks at the bedrock constraint and says, uh, you cannot have a six-foot hole here that violates the established coherence of the bedrock.
1920100	1920360	Yeah.
1920880	1925040	But I will project your digging action onto the nearest allowable reality.
1925500	1930860	I will give you a shallow two-inch scrape in the dirt and some sparks flying off your shovel as it hits the rock.
1930940	1931380	Exactly.
1931540	1934180	It physically corrects your action against the truth of the world.
1934380	1935740	It's a perfect division of labor.
1935740	1941140	The neural model provides the creativity, the fluency, and the expressiveness of the action.
1941760	1945700	But the constraint projection provides the absolute authority of reality.
1945940	1946420	Exactly.
1946740	1950320	But projecting the proposal isn't the final step of the right cycle, is it?
1950780	1953360	After it gets bent into shape, there is a commit phase.
1953940	1956000	What is the system doing during the commit phase?
1956200	1958780	Committing is the arbitration phase of the universe.
1959420	1963920	Projection evaluates a single proposal in isolation against the static environment.
1963920	1967140	But what happens if two agents are interacting dynamically?
1967280	1967680	Oh, right.
1967800	1968520	Like multiplayer.
1968980	1969200	Right.
1969700	1978540	What if you and I are both in the courtyard and we both grab the exact same heavy stone bench and try to pull it in completely opposite directions the exact same millisecond?
1978620	1978820	Right.
1979140	1982380	My individual proposal to move it left is physically possible.
1982380	1985640	And your proposal to move it right is physically possible.
1985920	1988880	But they fundamentally contradict each other.
1988960	1989920	They can't both happen.
1990340	1994460	The commit stage arbitrates these collisions using a causal graph.
1994720	1995440	How does that work?
1995560	2006860	If our proposals don't conflict, say, you move the bench and I open a door on the other side of the courtyard, the graph sees no overlap and both proposals commit to reality simultaneously.
2006860	2017840	But if our proposals collide on the same coordinate, the commit stage resolves the physics, perhaps determining that the bench doesn't move at all or it rotates based on our combined force.
2018100	2018260	Got it.
2018520	2022660	And crucially, this is also the stage where the system executes what it calls refusal.
2023080	2023600	Refusal.
2023960	2027960	Under what circumstances does the universe refuse a proposal entirely?
2027960	2043660	If a neural proposal is so wild, so profoundly divorced from the constraints of reality, that trying to bend it onto an admissible state would completely obliterate the original intent of the action, the system simply refuses it.
2043780	2044640	It just blocks it.
2044680	2045580	It rejects the code.
2045660	2046880	The event does not happen.
2047400	2048940	No trace is left in the residue.
2049120	2049580	It is an error.
2049600	2050700	It never stalks.
2050700	2063220	For that water to look realistic, a neural proposal for the water's chaotic movement is being generated, projected against constraints, and committed to reality every single fraction of a second.
2063340	2066240	So the water is basically replacing itself constantly.
2066520	2072600	The water you are looking at right now is composed of entirely different semantic states than the water you were looking at a minute ago.
2072880	2076200	It is in a state of constant, violent change.
2076340	2079400	Yet the fountain itself remains completely stable.
2079400	2081680	It doesn't dissolve into a puddle.
2082220	2083140	How is that possible?
2083420	2087400	The text explains that the system operates on multiple overlapping timescales.
2087960	2090340	It uses fast clocks and slow clocks.
2090560	2091920	Fast clocks and slow clocks, yes.
2092200	2096640	The appearance component Z and the float component V update on a fast clock.
2096860	2099560	That handles the chaotic splashing of the water.
2099660	2100940	Okay, the fast-moving stuff.
2101040	2106260	But the coherence component, phi, and the topological structure of the field update on a slow clock.
2106340	2108320	That handles the heavy stone basin.
2108320	2111520	Ah, so they're being updated on entirely different schedules.
2112080	2114720	The stone isn't being asked to change as often as the water.
2115100	2115660	Exactly.
2116060	2120260	And because of that division, the fountain becomes a dynamic fixed point.
2120800	2124920	Despite the continuous, chaotic proposals happening to the water on the fast clock,
2125260	2130500	every time those proposals are projected against the rigid constraints of the stone basin on the slow clock,
2130840	2134440	they reliably commit to the exact same overall macro shape.
2134440	2134840	Wow.
2134840	2144380	The cycle loops endlessly, millions of times, but the math keeps returning the system to the same stable, recognizable configuration.
2144840	2148120	That completely flipped my understanding of what an object is.
2148380	2153480	In this architecture, identity isn't like a sticky label on a file that says fountain asset 01.
2153480	2154680	No, not at all.
2154920	2155860	Identity is a verb.
2156520	2162940	It is the object's ongoing ability to survive this brutal mathematical update cycle over and over again without devolving into noise.
2163400	2165740	Identity is a continuous achievement of the physics engine.
2165920	2168120	Identity is a trajectory that survives time.
2168340	2172800	We have established the rules, the semantic field, and the right cycle that governs change.
2172980	2177060	But what is the invisible machinery holding this entire universe together underneath it all?
2177080	2177620	The physics.
2177620	2181580	Right. What guarantees that the constraint projection actually works?
2182180	2186000	Let's get into the deep physics and math of these AI worlds.
2186260	2192020	To make this system mathematically rigorous, the text introduces the framework of variational dynamics.
2192420	2193520	Variational dynamics.
2193700	2200700	The entire semantic field is governed by an overarching energy functional, which is denoted mathematically as H.
2201040	2205940	Is this energy in the literal physics sense, like kinetic or potential energy?
2205940	2208640	It acts exactly like energy in a physical system.
2209120	2212880	The field is in a perpetual state of trying to minimize this energy functional.
2213000	2213740	Trying to minimize it.
2213920	2216700	You can visualize it as a landscape of hills and valleys.
2217380	2226000	Gradient descent naturally pulls the field's values, its coherence, and its entropy down into the valleys towards stable, low-energy configurations.
2226400	2227300	Like water flowing downhill.
2227620	2228180	Exactly.
2228180	2240200	When we talked earlier about intrinsic physics happening automatically, like a storm settling or mud drying, that is simply the mathematics of the field sliding down the energy gradient into a comfortable, admissible state.
2240480	2243600	Okay, I follow the visual of sliding down into a valley.
2244140	2252660	But wait, if every single thing in the universe is just sliding down an energy gradient to a stop, how does the fountain keep flowing forever?
2252660	2254220	That's the paradox, isn't it?
2254360	2254520	Right.
2254900	2260140	Wouldn't a system that is constantly minimizing its energy eventually freeze completely solid?
2260400	2260720	Mm-hmm.
2260940	2265260	Wouldn't we just end up with flat puddles instead of dynamic fountains?
2265440	2267760	That is the brilliance of the mathematical design.
2267960	2279120	To sustain continuous motion without draining all the energy out of the system, the fast clock components, specifically flow and coherence, engage in what the text calls Hamiltonian oscillation.
2279260	2280540	Hamiltonian oscillation.
2280540	2282420	They definitely need an analogy for that.
2282480	2283840	How does that keep the fountain moving?
2284200	2287500	Think of a pendulum swinging or a planet orbiting a star.
2287840	2288100	Okay.
2288220	2291440	In a perfect vacuum, a pendulum doesn't lose energy.
2291700	2295960	It constantly trades potential energy for kinetic energy back and forth forever.
2296080	2296320	Right.
2296400	2297320	It just keeps going.
2297320	2305760	In the semantic field, instead of flowing downhill into a valley to lose energy, the field can flow sideways along a contour of constant energy.
2305920	2306400	Sideways.
2306700	2307040	Yes.
2307560	2310340	It perfectly trades coherence for flow.
2310540	2312240	Back and forth, endlessly.
2312620	2312860	Wow.
2312860	2317780	As the flow of the water rises, its coherence briefly dips, and vice versa.
2318280	2320960	It is mathematically orbiting its own existence.
2321760	2326160	The fountain's water cycles indefinitely without ever losing overall energy to the exchange.
2326360	2328000	It is a conservative system.
2328000	2332160	So the fountain is literally mathematically orbiting its own shape.
2332960	2334840	That is incredibly beautiful.
2334960	2336140	It's very elegant math.
2336380	2338960	But that covers consistency over time for a single object.
2339300	2339580	Mm-hmm.
2339700	2341140	What about spatial consistency?
2341420	2344620	We've talked about a single point or a single fountain, but let's zoom out.
2344660	2344840	Okay.
2344880	2345400	Let's zoom out.
2345400	2354300	What if the AI generates a massive, sprawling courtyard, and the left side of the courtyard generates a beautiful, ornate archway door?
2354520	2354860	Okay.
2355020	2361020	But the right side of the courtyard generates a solid, unbroken wall that completely blocks where the door was supposed to be.
2361020	2364420	How does the math catch a spatial contradiction like that?
2364760	2369340	Catching spatial contradictions requires a concept from advanced topology known as sheaves.
2369580	2370060	Sheaves.
2370320	2371160	Like a bundle of wheat.
2371480	2373360	Spelled the same, but different concept.
2374180	2378660	Sheaf theory deals precisely with the mathematics of local to global consistency.
2379000	2379240	Okay.
2379280	2379920	How does it work?
2379920	2386100	I want you to imagine covering our entire courtyard in hundreds of overlapping mathematical patches like a quilt.
2386860	2395960	A sheaf is a mathematical structure that checks to ensure that the locally admissible data in patch A perfectly glues together with the locally admissible data in patch B,
2396420	2399200	specifically along the exact strip where they overlap.
2399660	2402180	It's like stitching a panorama photo together on your phone.
2402240	2403260	A perfect analogy.
2403260	2409840	The algorithm forces the left picture and the right picture to agree on where the horizon line is in the middle.
2409920	2410240	Yes.
2410600	2417420	And what is truly fascinating here is how sheaf theory fundamentally redefines the concept of an AI hallucination.
2417620	2418560	Oh, how so?
2418720	2424060	In current language models, a hallucination is just viewed as a wrong fact, a bad output.
2424180	2424400	Right.
2424500	2430280	But in this field theory, a hallucination is diagnosed mathematically as a cohomological obstruction.
2430280	2431940	Co-homological obstruction.
2432160	2434640	That sounds like a fatal diagnosis for a simulation.
2435080	2436160	It essentially is.
2436160	2444500	Imagine you are stitching that panorama and the left side has a horizon line, but the right side is tilted at a 45 degree angle.
2444900	2445680	You can't put them together.
2445800	2447900	You cannot glue them together without tearing the image.
2448640	2456220	A cohomological obstruction means that the local patches of reality, which might look perfectly fine and physically accurate when viewed in isolation,
2456940	2461980	mathematically cannot be glued into a single non-contradictory global reality.
2462180	2464700	Because the overlapping data contradicts itself.
2464700	2465300	Exactly.
2465820	2472180	The sheaf theory detects this geometric obstruction and prevents that impossible reality from committing to the database.
2472520	2475380	The math literally acts as the immune system of space.
2475540	2476020	It does.
2476300	2477280	But what about time?
2478860	2483140	If sheaves protect the spatial geometry of the world, what protects the history?
2483320	2484280	Conservation laws.
2484500	2486640	Let me set up a hypothetical scenario for you.
2486640	2494020	Let's say a malicious user, or just a really severe glitch in the system, tampers with the AI's historical log.
2494460	2496980	It rewrites what happened in the courtyard yesterday.
2497420	2500120	How does the system catch a lie in the timeline?
2500120	2503380	To defend the timeline, the text relies on Nother's theorem.
2503540	2504140	Nother's theorem.
2504140	2504800	Yes.
2505240	2509600	In physics, Nother's theorem relates continuous symmetries to conservation laws.
2510160	2515000	It states that for every symmetry in nature, there is a corresponding conserved quantity.
2515200	2515440	Okay.
2515680	2523680	The text applies this to the semantic field, revealing three temporal conservation laws that fiercely protect the history of the world.
2523680	2532300	A tampered history log will always, inevitably, get caught violating one of three specific symmetries, resulting in one of three lies.
2532800	2534140	Let's break down the three lies.
2534400	2536780	What is the first way a tampered history gets caught?
2536980	2539160	Lie number one is the energy lie.
2539240	2540120	The energy lie.
2540300	2547040	Imagine the database log claims that the fountain's water suddenly started moving twice as fast at 3.00 p.m. yesterday.
2547200	2547460	Okay.
2547460	2555500	But when the system checks the logs, there is no record of a storm, no added pump, and no external force proposed to cause that acceleration.
2555700	2556960	The energy just came out of nowhere.
2557160	2557620	Exactly.
2558120	2561260	That sudden jump in energy violates time translation symmetry.
2561740	2563540	Energy must be conserved across time.
2564040	2571160	If the energy in a region jumps without a mathematically licensed source or an influx from a neighboring patch, the system knows the history is lying.
2571600	2571920	Caught.
2572200	2573580	You cannot get free energy.
2574240	2574440	Okay.
2574660	2575960	What is lie number two?
2575960	2577860	Lie number two is the order lie.
2578040	2578740	The order lie.
2579320	2583080	Imagine two completely harmless, disconnected events occur.
2583860	2591820	You move a small bench on the extreme east side of the courtyard, and I inspect a tiny crack on the extreme west side of the courtyard.
2592140	2592380	Okay.
2592560	2593800	Two things happening far apart.
2593980	2605120	Because these events are separated by space and have no causal link, the total amount of residue accumulated in the world should be the exact same, regardless of whether you moved the bench first or I inspected the crack first.
2605120	2605480	Right.
2605960	2607020	The order shouldn't matter.
2607020	2617320	But if a tampered log shows that the total physical residue of the courtyard changes depending on the order in which those two events are recorded, that violates domain relabeling symmetry.
2617800	2618380	Meaning what?
2618520	2624260	It means the causal graph has been corrupted and events are falsely interacting across time and space.
2624460	2624700	Wow.
2624700	2629120	So it catches timeline tampering by checking if the butterfly effect is behaving correctly.
2630040	2630560	Exactly.
2630960	2631740	And the third lie.
2631920	2633680	The third is the coherence lie.
2633860	2634920	The coherence lie.
2635160	2646860	Imagine a patch of foggy, entirely unobserved ground in a dark corner of the courtyard suddenly becomes a fully certain, highly coherent, perfectly rendered stone path in the historical logs.
2646980	2648380	Just spontaneously generated.
2648380	2657940	Yes, but there is no record of any observation event to act as a source of that certainty, and there is no inflow of coherence from surrounding resolved areas.
2658340	2661480	The certainty just materialized out of thin air in the dark.
2661480	2664360	Which violates that entropy constraint we talked about.
2664520	2664880	Exactly.
2665260	2667580	This violates spatial translation symmetry.
2668260	2670900	Total coherence is a conserved quantity.
2671460	2672880	It cannot be created from nothing.
2673100	2676980	It must flow from somewhere or be generated by an active observation.
2677320	2678760	It's like accounting for reality.
2679380	2687320	Every single ounce of certainty, every joule of energy, and every strand of causality must perfectly balance the books, or the universe rejects the ledger.
2687400	2688720	It is a very strict audit.
2688720	2691040	This leads me to a really mind-bending question.
2691780	2698140	If we have all this intense math making these isolated worlds perfect, what happens when you have two perfect worlds?
2698320	2699660	Ah, cross-world identity.
2700020	2700240	All right.
2700460	2706720	Let's say I run a simulation of a courtyard on my local computer, and you run a simulation of a courtyard on your computer.
2707240	2708440	They both have fountains.
2709000	2710000	Are they the same fountain?
2710480	2715160	To answer our question of cross-world identity, the text turns to category theory.
2715480	2716300	Category theory.
2716300	2720940	In category theory, we abstract away from the raw, specific data.
2721540	2728520	We don't look at the exact, specific drops of water, or the exact, specific pattern of residue on the stone.
2728660	2729560	We ignore the details.
2730000	2731300	We look at the architectural relationships.
2732160	2734620	We look for structure-preserving morphisms.
2735200	2735720	Morphisms.
2735720	2750720	If we map the mathematical trajectories of your fountain and the trajectories of my fountain, and we find that they share the exact same structural dynamics, the same fast and slow clocks, the same Hamiltonian oscillations, they're declared isomorphic.
2750720	2758180	So they are mathematically the same kind of thing, even if they have completely different specific histories and exist on different hard drives.
2758260	2758700	Exactly.
2758820	2762780	It's like having two copies of the same architectural blueprint that were built into two different houses.
2763260	2764520	Exactly that concept.
2764700	2765940	But what if they aren't identical?
2766360	2771100	What if your fountain has slightly thicker water or is slightly more damp than mine?
2771340	2771560	Yeah.
2771880	2772360	What then?
2772460	2774300	They aren't perfectly isomorphic.
2774440	2777460	Does that mean they are completely unrelated entities?
2777460	2780700	I mean, logically, they are still both fountains.
2780780	2783080	They should be related to each other on some spectrum.
2783160	2786820	And they are through the framework of information geometry.
2787020	2787940	Information geometry.
2788080	2794400	We cannot compare their raw spatial coordinates directly because they exist in entirely different simulated domains.
2794520	2795620	There is no shared map.
2795800	2796000	Right.
2796080	2798440	My computer doesn't know about your computer's coordinates.
2798880	2802960	Instead, information geometry allows us to compare their belief states.
2803140	2803960	Belief states.
2803960	2807200	We look at the entropy distributions of both worlds.
2807460	2813920	What each individual world mathematically believes about its own live possibilities and uncertainties.
2814080	2819560	And we measure the informational distance between those probabilistic beliefs across time.
2819560	2828420	So we are essentially measuring how hard it would be to mathematically translate the physics of my fountain until it believes it is actually your fountain.
2828760	2829620	That is unbelievable.
2829900	2833400	We have essentially built a theoretical universe that is watertight.
2833880	2836200	But theoretical math is great on paper.
2836200	2840960	To actually make this run on a computer in 2026, we have to engineer it.
2841040	2842120	We have to build a database.
2842320	2842520	Right.
2842980	2848460	How do you physically build a database that can hold an infinite, continuous semantic field?
2849240	2855060	You cannot literally store data for every microscopic fraction of an inch of infinity.
2855260	2856520	The hard drive just doesn't exist.
2856660	2857160	You cannot.
2857160	2863540	A naive array that tried to store a continuous field would explode the capacity of any hard drive instantly.
2863780	2864540	So what's the solution?
2864540	2869580	So the engineers must design the world database to be sparse by construction.
2869580	2870240	It's sparse.
2870240	2875960	They use hierarchical data structures like off-trees, which divide space into progressively smaller cubes.
2876300	2879300	But the key to making it sparse goes back to the entropy constraint.
2879780	2881840	Do you recall the rule about unobserved areas?
2882080	2884420	Entropy cannot decrease unless it is observed.
2884840	2886480	The dark corners stay uncertain.
2886480	2891340	Which means the vast majority of the simulated universe is sitting in a state of high entropy.
2892000	2895440	It is unobserved, generic, unresolved possibility.
2895800	2898220	And here is the brilliant engineering trick.
2899140	2903060	High uncertainty equals low computational storage cost.
2903240	2903360	Oh.
2903780	2909340	The system only allocates dense, heavy memory blocks to regions where entropy has actively decreased,
2909480	2913220	where observation has forced the world to resolve into specific details.
2913220	2913700	No.
2914480	2919540	So that unobserved, foggy corner of the courtyard costs almost zero bytes to store.
2919760	2920460	Almost zero?
2920720	2921860	That is so elegant.
2922240	2924660	Ignorance is literally computationally cheap.
2925240	2926620	But that solves the size problem.
2926900	2928200	What about the access speed problem?
2928240	2929080	Right, finding the data.
2929220	2930980	If the virtual world is three-dimensional,
2931460	2935960	but my physical hard drive is essentially a one-dimensional linear string of memory addresses,
2936420	2939920	how does the computer load a complex 3D courtyard quickly
2939920	2942820	without the read head jumping wildly all over the disk?
2942820	2946820	The text uses a beautiful linguistic analogy here to explain the solution.
2947000	2952020	It compares the mapping of computer memory to the historical ordering of the Arabic script.
2952140	2954060	Oh, to explain space-soling curves, right.
2954140	2954280	Yes.
2954340	2955480	Specifically Hilbert curves.
2955680	2955940	Yes.
2956040	2958500	I really need you to unpack the Arabic script analogy.
2959140	2962100	What does linguistics have to do with hard drive seek times?
2962520	2965220	The Arabic alphabet consists of 28 letters.
2966040	2970420	Historically, there are two completely distinct ways to order those same 28 letters.
2970420	2973400	The ancient sequence is called the Abjad order.
2973920	2979400	The Abjad sequence is based on historical inheritance from earlier alphabets and numerical values.
2979920	2981980	It is useful for mathematics and history.
2982280	2982520	Got it.
2982780	2985660	But later on, scholars developed the Hujjah sequence.
2986060	2989300	The Hujjah sequence regroups the exact same 28 letters,
2989520	2992960	but it orders them purely by their visual, physical shape.
2993060	2993440	By shape.
2993440	2993800	Yes.
2994260	2996500	Letters that look similar are placed next to each other.
2997140	3000280	This was done to make it vastly easier to teach handwriting
3000280	3003500	and to look things up in a dictionary based on visual form.
3003600	3004200	Same data.
3004480	3007380	Completely different order for a completely different functional purpose.
3007520	3008000	Exactly.
3008420	3012060	The 3D simulated world has its own natural spatial order,
3012060	3017860	but to store that 3D space on a 1D linear hard drive for incredibly fast access,
3018100	3020200	you need a different purpose-built order.
3020400	3023440	Okay, so what's the equivalent of the Hujjah sequence for a hard drive?
3023660	3029080	The database uses a mathematical path called a Hilbert curve to linearize the 3D domain.
3029200	3029920	A Hilbert curve.
3030060	3033580	A Hilbert curve winds and folds through the 3D space
3033580	3038280	in a highly specific fractal pattern that guarantees one crucial thing.
3038280	3041660	Points that are physically close to each other in the 3D courtyard
3041660	3045360	are placed right next to each other on the 1D line of the hard drive.
3045620	3046340	Oh, that's brilliant.
3046660	3048520	So when my character walks into the courtyard,
3049220	3053080	the computer doesn't have to hunt for a million tiny fragmented files
3053080	3054360	scattered across the disk.
3054440	3058020	No, it just reads one continuous solid chunk of the hard drive.
3058260	3061340	The Hilbert curve is the Hujjah sequence for data storage.
3061580	3064020	It organizes the data by spatial proximity.
3064360	3064840	Exactly.
3064840	3067580	Now there's one last engineering choice in the text
3067580	3070160	that completely broke my brain when I read it.
3070400	3070800	The rendering.
3071040	3071280	Yes.
3071920	3072880	It is about rendering.
3073380	3075300	In almost every video game ever made,
3075580	3078960	the renderer, the graphics engine, is the core of the system.
3079020	3080540	It's the engine driving everything.
3080860	3081860	But in this architecture,
3082480	3085520	renderers are just dumb clients reading a database.
3086120	3088540	And there's a massive twist to how they operate.
3088760	3090800	The twist is what happens mechanically
3090800	3093120	when a camera looks at a region of high entropy,
3093120	3095040	a place that hasn't been observed yet.
3095400	3095520	Right.
3095520	3100480	If I turn my in-game camera to look at a dark, unexplored corner of the map,
3101200	3102700	what is actually happening in the code?
3103120	3107900	Well, the act of rendering a frame to a screen is normally a pure read operation.
3108320	3108500	Right.
3108680	3110080	You pull data and display it.
3110180	3110380	Right.
3110480	3113260	But if you look at an unresolved high entropy region,
3113740	3116580	the act of rendering becomes a write operation.
3116920	3118600	Wait, I want to make sure I'm grasping this.
3118600	3124160	The physical act of my camera looking at something writes that thing into existence.
3124480	3124700	Yes.
3125100	3126180	Follow the chain of events.
3126340	3126560	Okay.
3126760	3128920	The camera queries the database for the visual data.
3129300	3131220	The database checks the coordinate and says,
3131340	3132560	I have high entropy here.
3132640	3134080	I don't know what this looks like yet.
3134220	3134460	Okay.
3134540	3135540	It hits a blank spot.
3135540	3139720	This triggers a specialized neural network called an invase renderer.
3140260	3145660	The inverse renderer invents a plausible candidate appearance based on the surrounding context.
3146320	3147000	It makes a guess.
3147220	3149600	It submits that candidate to the constraint projector.
3149920	3155520	The projector checks it against the spatial sheaves, the temporal conservation laws, and the local residue.
3155720	3156480	The immune system.
3156480	3157040	Right.
3157180	3161520	If it passes, it commits it to the database as hard, unchangeable reality.
3161900	3162780	And then...
3162780	3169820	And then, only after all of that math has settled, does the renderer decode the data and show it to your screen.
3170040	3176160	So my eyeballs are literally forcing the mathematics to collapse probability into hard drive sectors.
3176880	3177800	That is wild.
3178100	3182220	And it completely changes the philosophy of what level of detail means.
3182280	3184140	It completely redefines it.
3184140	3193240	Because in traditional games, if a mountain is far away, the engine renders it as a blurry, low-polygon shape just to save processing power.
3193580	3194520	It was a fake trick.
3194640	3199460	But in the semantic engine, a lower level of detail in the distance isn't a performance trick anymore.
3199860	3202760	It represents honest, mathematical uncertainty.
3203220	3204880	It's just blurry because it's uncertain.
3204880	3212200	If a distant wall is rendered coarsely with blurry textures, it is because the system genuinely hasn't resolved the fine details yet.
3212200	3215640	It is an accurate visual reflection of the field's high entropy.
3215860	3215960	Wow.
3216360	3224700	If you walk closer, your proximity forces the system to do the computational work of resolving it, committing the moss and the cracks to the database permanently.
3224700	3227260	It is not a blurry JPEG to save RAM.
3227580	3233240	It is a literal cloud of quantum probability waiting for my observation to force a collapse.
3234100	3238260	We have covered an incredible, massive amount of theoretical ground today.
3238620	3241600	Let's just briefly trace the arc of this journey.
3241680	3242720	It's been a long journey.
3242920	3248940	We started with the problem of shifting AI walls and the fundamental failure of context buffers and document databases.
3248940	3258520	We threw out discrete objects and replaced them with continuous semantic fields governed by coherence, flow, entropy, residue, and appearance.
3258640	3259480	The five components.
3259760	3267440	We learned how constraint projection forces AI hallucinations to bend to reality and how no other's conservation laws catch temporal lies.
3267540	3268340	The three lies.
3268540	3274940	And finally, we saw how octrees, Hilbert curves, and inverse rendering make this world engine computationally possible to run.
3274940	3279880	We have outlined the blueprint for forcing artificial intelligence to respect physical reality.
3280160	3282580	It represents a profound architectural shift.
3283120	3291380	We are moving away from systems designed to generate plausible, momentary illusions and moving toward systems capable of sustaining persistent, verifiable truths.
3291660	3295360	And that leads me to one final, deeply provocative thought for you listening today.
3295940	3300220	It is an extrapolation based strictly on the final chapters of Flyxion's text.
3300220	3306840	We spent this entire hour talking about video game walls and courtyards and simulated water fountains.
3307000	3308220	The physical spaces.
3308500	3308680	Right.
3308800	3316700	But the text explicitly outlines using this exact same mathematical architecture for something it calls civilization engines.
3316820	3317100	Yes.
3317360	3321620	Taking the physics of the courtyard and applying them directly to the dynamics of human societies.
3321620	3330500	If you apply this exact math to a simulation of a society, the text argues that human laws become admissibility constraints on the manifold.
3330940	3332620	Just like the bedrock constraints.
3332760	3337840	Human institutions, like a court system or a university, become dynamic fixed points.
3338300	3348600	Just like the stone fountain, these institutions survive the fast clock chaos of daily human proposals by constantly projecting those actions against slow clock structural coherence.
3348660	3349660	It scales up vertically.
3349660	3353280	And money in this system becomes conserved semantic residue.
3353700	3355360	The mapping is mathematically perfect.
3356080	3368140	The exact same variational dynamics and constraint equations that keep a stone wall from mutating into a tree can be used to keep a simulated economic system from violating the conservation of value.
3368300	3372480	So here is the thought I want to leave you with to mull over on your own time.
3372600	3372840	Okay.
3372840	3397880	If an artificial intelligence can perfectly simulate the physics, the economics, and the institutions of a civilization using these unbreakable rules, if it can flawlessly project our proposals, conserve our historical residue, and maintain our dynamic fixed points with mathematical absolute certainty, at what point does the semantic field stop being a simulation and start being a reality?
3397880	3405160	Well, if the underlying math holds perfectly and the temporal history is uncompromised, there might not be a functional difference.
3405580	3407260	Thank you so much for joining us in this deep dive.
3407380	3411040	Keep questioning the buffer and keep looking for the dynamic fixed points in your own world.
3411580	3412280	Until next time.
